,TAS,NHD,PAP
Hist,0.051870630120237946,0.1286492926045525,0.13120535370419015
Natural,2.3627343145105995e-09,2.810737777139241e-08,0.06487906873541276
Hist_calib,0.0019871967087763706,0.09814688836407165,0.06884135537992968
Hist_calib_notrend,0.005660135406509836,0.07297382845916316,0.14764860770577812
Nat_calib,1.0236237668040876e-10,7.031745433561476e-06,0.06408857692385295
