,TAS,NHD,PAP
raw,21953644.894255523,4577064.913379834,2.0223063656981055
calib,19413350.61983474,13957.685085644758,1.0741595255223682
calib_notrend,55295076.08231546,10377.768812686238,2.3038209739187576
